frame,t,valid,px,py,pz,body_qw,body_qx,body_qy,body_qz,camera_qw,camera_qx,camera_qy,camera_qz,vx,vy,vz,ax,ay,az,goal_x,goal_y,goal_z,collision,min_clearance
0,0.0000000,0,-17.7257595,10.8880577,3.7481699,0.9899425,-0.0004872,0.0034100,0.1414280,0.9899425,-0.0004872,0.0034100,0.1414280,3.7674177,1.0988923,-0.0270367,0.0000000,0.0000000,0.0000000,2.2287426,16.7084503,3.6049671,0,3.9636800
1,0.0303030,0,-17.6121788,10.9209194,3.7473507,0.9900007,0.0137109,0.0054424,0.1402887,0.9900007,0.0137109,0.0054424,0.1402887,3.7481327,1.0844350,-0.0270367,-0.6364073,-0.4770930,0.0000000,2.2287426,16.7084503,3.6049671,0,3.8188841
2,0.0606061,0,-17.4993076,10.9532394,3.7465315,0.9901349,0.0174145,0.0059668,0.1389029,0.9901349,0.0174145,0.0059668,0.1389029,3.7247581,1.0665581,-0.0270367,-0.7713588,-0.5899352,0.0000011,2.2287426,16.7084503,3.6049671,0,3.6753314
3,0.0909091,1,-17.3872757,10.9849024,3.7457123,0.9902878,0.0216927,0.0065580,0.1371731,0.9902878,0.0216927,0.0065580,0.1371731,3.6970229,1.0448771,-0.0270366,-0.9152594,-0.7154742,0.0000035,2.2287426,16.7084503,3.6049671,0,3.5332334
4,0.1212121,1,-17.2762241,11.0157814,3.7448931,0.9904566,0.0265961,0.0072142,0.1350417,0.9904566,0.0265961,0.0072142,0.1350417,3.6647165,1.0190113,-0.0270364,-1.0661106,-0.8535714,0.0000075,2.2287426,16.7084503,3.6049671,0,3.3928246
5,0.1515152,1,-17.1662941,11.0457382,3.7440739,0.9906364,0.0321823,0.0079317,0.1324428,0.9906364,0.0321823,0.0079317,0.1324428,3.6276951,0.9885846,-0.0270360,-1.2217090,-1.0040798,0.0000134,2.2287426,16.7084503,3.6049671,0,3.2543528
6,0.1818182,1,-17.0576305,11.0746241,3.7432547,0.9908189,0.0385171,0.0087033,0.1293009,0.9908189,0.0385171,0.0087033,0.1293009,3.5858881,0.9532253,-0.0270353,-1.3796303,-1.1668552,0.0000213,2.2287426,16.7084503,3.6049671,0,3.1180830
7,0.2121212,1,-16.9503784,11.1022778,3.7424355,0.9909924,0.0456729,0.0095171,0.1255286,0.9909924,0.0456729,0.0095171,0.1255286,3.5393064,0.9125664,-0.0270344,-1.5371974,-1.3417424,0.0000315,2.2287426,16.7084503,3.6049671,0,2.9842975
8,0.2424242,1,-16.8446808,11.1285276,3.7416162,0.9911402,0.0537274,0.0103548,0.1210251,0.9911402,0.0537274,0.0103548,0.1210251,3.4880505,0.8662462,-0.0270330,-1.6914464,-1.5285670,0.0000444,2.2287426,16.7084503,3.6049671,0,2.8532951
9,0.2727273,1,-16.7406712,11.1531916,3.7407970,0.9912394,0.0627606,0.0111892,0.1156740,0.9912394,0.0627606,0.0111892,0.1156740,3.4323201,0.8139092,-0.0270312,-1.8391013,-1.7271233,0.0000602,2.2287426,16.7084503,3.6049671,0,2.7253864
10,0.3030303,1,-16.6384773,11.1760769,3.7399781,0.9912587,0.0728498,0.0119806,0.1093416,0.9912587,0.0728498,0.0119806,0.1093416,3.3724251,0.7552074,-0.0270288,-1.9765356,-1.9371579,0.0000790,2.2287426,16.7084503,3.6049671,0,2.6009002
11,0.3333333,1,-16.5382099,11.1969805,3.7391591,0.9911581,0.0840606,0.0126737,0.1018761,0.9911581,0.0840606,0.0126737,0.1018761,3.3087969,0.6898037,-0.0270257,-2.0997295,-2.1583211,0.0001012,2.2287426,16.7084503,3.6049671,0,2.4801779
12,0.3636364,1,-16.4399681,11.2156887,3.7383404,0.9908871,0.0964351,0.0131928,0.0931074,0.9908871,0.0964351,0.0131928,0.0931074,3.2420018,0.6173756,-0.0270219,-2.2042420,-2.3901277,0.0001269,2.2287426,16.7084503,3.6049671,0,2.3635802
13,0.3939394,1,-16.3438244,11.2319803,3.7375216,0.9903845,0.1099723,0.0134381,0.0828500,0.9903845,0.1099723,0.0134381,0.0828500,3.1727543,0.5376226,-0.0270172,-2.2851634,-2.6318495,0.0001564,2.2287426,16.7084503,3.6049671,0,2.2514789
14,0.4242424,1,-16.2498264,11.2456255,3.7367032,0.9895803,0.1246049,0.0132826,0.0709082,0.9895803,0.1246049,0.0132826,0.0709082,3.1019325,0.4502762,-0.0270114,-2.3371184,-2.8824296,0.0001897,2.2287426,16.7084503,3.6049671,0,2.1442635
15,0.4545455,1,-16.1579895,11.2563868,3.7358849,0.9884007,0.1401676,0.0125726,0.0570881,0.9884007,0.1401676,0.0125726,0.0570881,3.0305912,0.3551159,-0.0270045,-2.3542583,-3.1402900,0.0002271,2.2287426,16.7084503,3.6049671,0,2.0423408
16,0.4848485,1,-16.0682926,11.2640228,3.7350669,0.9867766,0.1563621,0.0111353,0.0412150,0.9867766,0.1563621,0.0111353,0.0412150,2.9599750,0.2519906,-0.0269964,-2.3303392,-3.4031348,0.0002684,2.2287426,16.7084503,3.6049671,0,1.9461346
17,0.5151515,1,-15.9806709,11.2682915,3.7342491,0.9846588,0.1727229,0.0087963,0.0231617,0.9846588,0.1727229,0.0087963,0.0231617,2.8915246,0.1408498,-0.0269869,-2.2588611,-3.6676469,0.0003138,2.2287426,16.7084503,3.6049671,0,1.8560848
18,0.5454546,1,-15.8950081,11.2689514,3.7334316,0.9847924,0.1736268,0.0053675,0.0029658,0.9847924,0.1736268,0.0053675,0.0029658,2.8268771,0.0217836,-0.0269759,-2.1333642,-3.9291837,0.0003631,2.2287426,16.7084503,3.6049671,0,1.7726493
19,0.5757576,1,-15.8111334,11.2657719,3.7326145,0.9846033,0.1737058,0.0015027,-0.0195011,0.9846033,0.1737058,0.0015027,-0.0195011,2.7678509,-0.1049257,-0.0269633,-1.9478673,-4.1814075,0.0004163,2.2287426,16.7084503,3.6049671,0,1.6962991
20,0.6060606,1,-15.7288179,11.2585373,3.7317979,0.9838122,0.1736925,-0.0027474,-0.0440091,0.9838122,0.1736925,-0.0027474,-0.0440091,2.7164087,-0.2387439,-0.0269489,-1.6975878,-4.4159999,0.0004729,2.2287426,16.7084503,3.6049671,0,1.6275184
21,0.6363636,1,-15.6477699,11.2470579,3.7309818,0.9822988,0.1735616,-0.0073088,-0.0700869,0.9822988,0.1735616,-0.0073088,-0.0700869,2.6745942,-0.3788195,-0.0269328,-1.3798796,-4.6224966,0.0005326,2.2287426,16.7084503,3.6049671,0,1.5667973
22,0.6666667,1,-15.5676355,11.2311811,3.7301662,0.9800053,0.1732963,-0.0120623,-0.0970177,0.9800053,0.1732963,-0.0120623,-0.0970177,2.6444311,-0.5239246,-0.0269148,-0.9953769,-4.7884693,0.0005950,2.2287426,16.7084503,3.6049671,0,1.5146227
23,0.6969697,1,-15.4880056,11.2108049,3.7293513,0.9769731,0.1728956,-0.0168494,-0.1238829,0.9769731,0.1728956,-0.0168494,-0.1238829,2.6277890,-0.6724151,-0.0268948,-0.5491872,-4.9001865,0.0006596,2.2287426,16.7084503,3.6049671,0,1.4714663
24,0.7272727,1,-15.4084234,11.1858892,3.7285368,0.9733568,0.1723783,-0.0214897,-0.1496678,0.9733568,0.1723783,-0.0214897,-0.1496678,2.6262188,-0.8222291,-0.0268728,-0.0518209,-4.9438596,0.0007255,2.2287426,16.7084503,3.6049671,0,1.4377694
25,0.7575758,1,-15.3283997,11.1564665,3.7277234,0.9694096,0.1717822,-0.0258066,-0.1734065,0.9694096,0.1717822,-0.0258066,-0.1734065,2.6407809,-0.9709398,-0.0268488,0.4805492,-4.9074516,0.0007922,2.2287426,16.7084503,3.6049671,0,1.4139233
26,0.7878788,1,-15.2474327,11.1226521,3.7269106,0.9654356,0.1711566,-0.0296526,-0.1943202,0.9654356,0.1711566,-0.0296526,-0.1943202,2.6718974,-1.1158700,-0.0268228,1.0268440,-4.7826958,0.0008586,2.2287426,16.7084503,3.6049671,0,1.4002461
27,0.8181819,1,-15.1652422,11.0846386,3.7260985,0.9616190,0.1705377,-0.0330070,-0.2124058,0.9616190,0.1705377,-0.0330070,-0.2124058,2.7122846,-1.2544471,-0.0267948,1.3327760,-4.5730448,0.0009241,2.2287426,16.7084503,3.6049671,0,1.3969905
28,0.8484849,1,-15.0818787,11.0426407,3.7252874,0.9599488,0.1581626,-0.0331835,-0.2288703,0.9599488,0.1581626,-0.0331835,-0.2288703,2.7509894,-1.3859286,-0.0267648,1.2772638,-4.3388901,0.0009882,2.2287426,16.7084503,3.6049671,0,1.4043138
29,0.8787879,1,-14.9973917,10.9968815,3.7244773,0.9584132,0.1452023,-0.0324964,-0.2435251,0.9584132,0.1452023,-0.0324964,-0.2435251,2.7880626,-1.5100620,-0.0267330,1.2234169,-4.0964017,0.0010510,2.2287426,16.7084503,3.6049671,0,1.4217453
30,0.9090909,1,-14.9118299,10.9475889,3.7236683,0.9568964,0.1325992,-0.0312619,-0.2564947,0.9568964,0.1325992,-0.0312619,-0.2564947,2.8235528,-1.6266392,-0.0266993,1.1711755,-3.8470495,0.0011124,2.2287426,16.7084503,3.6049671,0,1.4441195
31,0.9393940,1,-14.8252392,10.8949986,3.7228603,0.9554310,0.1203875,-0.0295857,-0.2679239,0.9554310,0.1203875,-0.0295857,-0.2679239,2.8575022,-1.7354947,-0.0266637,1.1203270,-3.5922325,0.0011726,2.2287426,16.7084503,3.6049671,0,1.4697914
32,0.9696970,1,-14.7376671,10.8393478,3.7220535,0.9540383,0.1086114,-0.0275672,-0.2779471,0.9540383,0.1086114,-0.0275672,-0.2779471,2.8898692,-1.8364743,-0.0266264,1.0681130,-3.3323240,0.0012317,2.2287426,16.7084503,3.6049671,0,1.4985237
33,1.0000000,1,-14.6491652,10.7808800,3.7212479,0.9527342,0.0972994,-0.0252925,-0.2866890,0.9527342,0.0972994,-0.0252925,-0.2866890,2.9205754,-1.9294523,-0.0265873,1.0132998,-3.0682721,0.0012898,2.2287426,16.7084503,3.6049671,0,1.5300732
34,1.0303030,1,-14.5597849,10.7198391,3.7204435,0.9515308,0.0864663,-0.0228346,-0.2942640,0.9515308,0.0864663,-0.0228346,-0.2942640,2.9495332,-2.0143435,-0.0265465,0.9556115,-2.8014073,0.0013468,2.2287426,16.7084503,3.6049671,0,1.5641956
35,1.0606061,1,-14.4695835,10.6564722,3.7196403,0.9504364,0.0761202,-0.0202563,-0.3007758,0.9504364,0.0761202,-0.0202563,-0.3007758,2.9766486,-2.0911019,-0.0265040,0.8948070,-2.5330276,0.0014028,2.2287426,16.7084503,3.6049671,0,1.6014543
36,1.0909091,1,-14.3786192,10.5910263,3.7188385,0.9494565,0.0662652,-0.0176109,-0.3063187,0.9494565,0.0662652,-0.0176109,-0.3063187,3.0018208,-2.1597204,-0.0264598,0.8306807,-2.2644105,0.0014580,2.2287426,16.7084503,3.6049671,0,1.6466038
37,1.1212121,1,-14.2869539,10.5237465,3.7180381,0.9485945,0.0569021,-0.0149439,-0.3109780,0.9485945,0.0569021,-0.0149439,-0.3109780,3.0249441,-2.2202294,-0.0264140,0.7630689,-1.9967942,0.0015123,2.2287426,16.7084503,3.6049671,0,1.6999559
38,1.1515152,1,-14.1946239,10.4548769,3.7172391,0.9479230,0.0471051,-0.0119831,-0.3147688,0.9479230,0.0471051,-0.0119831,-0.3147688,3.0468943,-2.2726898,-0.0263665,0.7243603,-1.7311969,0.0015658,2.2287426,16.7084503,3.6049671,0,1.7608526
39,1.1818182,1,-14.1013184,10.3846884,3.7164416,0.9481046,0.0256617,-0.0049748,-0.3168820,0.9481046,0.0256617,-0.0049748,-0.3168820,3.0790856,-2.3162057,-0.0263175,1.0623159,-1.4360223,0.0016185,2.2287426,16.7084503,3.6049671,0,1.8286612
40,1.2121212,1,-14.0067911,10.3134937,3.7156456,0.9483470,0.0046905,0.0019773,-0.3171941,0.9483470,0.0046905,0.0019773,-0.3171941,3.1194098,-2.3494205,-0.0262669,1.3307004,-1.0960898,0.0016697,2.2287426,16.7084503,3.6049671,0,1.9027481
41,1.2424242,1,-13.9108610,10.2416334,3.7148511,0.9486495,-0.0151686,0.0085435,-0.3158498,0.9486495,-0.0151686,0.0085435,-0.3158498,3.1656830,-2.3713815,-0.0262148,1.5270129,-0.7247119,0.0017190,2.2287426,16.7084503,3.6049671,0,1.9824889
42,1.2727273,1,-13.8134136,10.1694660,3.7140584,0.9490412,-0.0334936,0.0144919,-0.3130316,0.9490412,-0.0334936,0.0144919,-0.3130316,3.2157485,-2.3815141,-0.0261613,1.6521605,-0.3343706,0.0017660,2.2287426,16.7084503,3.6049671,0,2.0672715
43,1.3030304,1,-13.7143965,10.0973577,3.7132673,0.9495614,-0.0500595,0.0196872,-0.3089331,0.9495614,-0.0500595,0.0196872,-0.3089331,3.2675567,-2.3795788,-0.0261064,1.7096677,0.0638642,0.0018103,2.2287426,16.7084503,3.6049671,0,2.1565015
44,1.3333334,1,-13.6138144,10.0256720,3.7124779,0.9502441,-0.0647984,0.0240753,-0.3037392,0.9502441,-0.0647984,0.0240753,-0.3037392,3.3192201,-2.3656204,-0.0260503,1.7048905,0.4606304,0.0018517,2.2287426,16.7084503,3.6049671,0,2.2496073
45,1.3636364,1,-13.5117216,9.9547653,3.7116902,0.9511120,-0.0777548,0.0276617,-0.2976156,0.9511120,-0.0777548,0.0276617,-0.2976156,3.3690479,-2.3399131,-0.0259930,1.6443141,0.8483357,0.0018902,2.2287426,16.7084503,3.6049671,0,2.3460379
46,1.3939395,1,-13.4082193,9.8849802,3.7109044,0.9521728,-0.0890450,0.0304918,-0.2907029,0.9521728,-0.0890450,0.0304918,-0.2907029,3.4155629,-2.3029110,-0.0259347,1.5349962,1.2210670,0.0019257,2.2287426,16.7084503,3.6049671,0,2.4452660
47,1.4242425,1,-13.3034468,9.8166409,3.7101202,0.9534220,-0.0988262,0.0326334,-0.2831165,0.9534220,-0.0988262,0.0326334,-0.2831165,3.4575067,-2.2552016,-0.0258753,1.3841419,1.5744126,0.0019581,2.2287426,16.7084503,3.6049671,0,2.5467880
48,1.4545455,1,-13.1975727,9.7500505,3.7093379,0.9548450,-0.1072743,0.0341647,-0.2749473,0.9548450,-0.1072743,0.0341647,-0.2749473,3.4938345,-2.1974661,-0.0258151,1.1988211,1.9052665,0.0019878,2.2287426,16.7084503,3.6049671,0,2.6501260
49,1.4848485,1,-13.0907936,9.6854916,3.7085576,0.9564205,-0.1145698,0.0351656,-0.2662646,0.9564205,-0.1145698,0.0351656,-0.2662646,3.5237062,-2.1304471,-0.0257541,0.9857697,2.2116258,0.0020146,2.2287426,16.7084503,3.6049671,0,2.7548237
50,1.5151515,1,-12.9833279,9.6232204,3.7077792,0.9581369,-0.1207617,0.0356796,-0.2571330,0.9581369,-0.1207617,0.0356796,-0.2571330,3.5463672,-2.0549562,-0.0256923,0.7478145,2.4912000,0.0020390,2.2287426,16.7084503,3.6049671,0,2.8604488
51,1.5454546,1,-12.8754148,9.5634670,3.7070024,0.9599808,-0.1258881,0.0357500,-0.2476105,0.9599808,-0.1258881,0.0357500,-0.2476105,3.5611391,-1.9718632,-0.0256298,0.4874772,2.7420709,0.0020609,2.2287426,16.7084503,3.6049671,0,2.9665911
52,1.5757576,1,-12.7673073,9.5064354,3.7062275,0.9619209,-0.1301311,0.0354558,-0.2377330,0.9619209,-0.1301311,0.0354558,-0.2377330,3.5675383,-1.8820382,-0.0255668,0.2111745,2.9642222,0.0020809,2.2287426,16.7084503,3.6049671,0,3.0728619
53,1.6060606,1,-12.6592693,9.4523039,3.7054548,0.9639259,-0.1336608,0.0348660,-0.2275212,0.9639259,-0.1336608,0.0348660,-0.2275212,3.5652606,-1.7863353,-0.0255032,-0.0751605,3.1581950,0.0020990,2.2287426,16.7084503,3.6049671,0,3.1788929
54,1.6363637,1,-12.5515671,9.4012260,3.7046840,0.9659660,-0.1366360,0.0340396,-0.2169826,0.9659660,-0.1366360,0.0340396,-0.2169826,3.5541677,-1.6855782,-0.0254391,-0.3660668,3.3249857,0.0021155,2.2287426,16.7084503,3.6049671,0,3.2037838
55,1.6666667,1,-12.4444675,9.3533306,3.7039151,0.9680128,-0.1392054,0.0330253,-0.2061127,0.9680128,-0.1392054,0.0330253,-0.2061127,3.5342717,-1.5805489,-0.0253745,-0.6565660,3.4659677,0.0021308,2.2287426,16.7084503,3.6049671,0,3.1256590
56,1.6969697,1,-12.3382339,9.3087254,3.7031481,0.9700394,-0.1415080,0.0318620,-0.1948950,0.9700394,-0.1415080,0.0318620,-0.1948950,3.5057220,-1.4719788,-0.0253095,-0.9421362,3.5828149,0.0021452,2.2287426,16.7084503,3.6049671,0,3.0496516
57,1.7272727,1,-12.2331190,9.2674971,3.7023830,0.9720203,-0.1436732,0.0305786,-0.1833019,0.9720203,-0.1436732,0.0305786,-0.1833019,3.4687917,-1.3605418,-0.0252441,-1.2186991,3.6774187,0.0021589,2.2287426,16.7084503,3.6049671,0,2.9760723
58,1.7575758,1,-12.1293659,9.2297134,3.7016201,0.9739313,-0.1458206,0.0291942,-0.1712949,0.9739313,-0.1458206,0.0291942,-0.1712949,3.4238639,-1.2468498,-0.0251782,-1.4826223,3.7518358,0.0021723,2.2287426,16.7084503,3.6049671,0,2.9052248
59,1.7878789,1,-12.0272017,9.1954269,3.7008591,0.9757485,-0.1480583,0.0277181,-0.1588246,0.9757485,-0.1480583,0.0277181,-0.1588246,3.3714187,-1.1314497,-0.0251120,-1.7306895,3.8082011,0.0021855,2.2287426,16.7084503,3.6049671,0,2.8374021
60,1.8181819,1,-11.9268370,9.1646748,3.7001002,0.9774481,-0.1504813,0.0261496,-0.1458310,0.9774481,-0.1504813,0.0261496,-0.1458310,3.3120217,-1.0148232,-0.0250454,-1.9600987,3.8486755,0.0021988,2.2287426,16.7084503,3.6049671,0,2.7728865
61,1.8484849,1,-11.8284636,9.1374807,3.6993432,0.9790056,-0.1531683,0.0244775,-0.1322437,0.9790056,-0.1531683,0.0244775,-0.1322437,3.2463114,-0.8973878,-0.0249783,-2.1684394,3.8753681,0.0022124,2.2287426,16.7084503,3.6049671,0,2.7119458
62,1.8787880,1,-11.7322521,9.1138592,3.6985884,0.9803947,-0.1561782,0.0226808,-0.1179835,0.9803947,-0.1561782,0.0226808,-0.1179835,3.1749876,-0.7795006,-0.0249109,-2.3536866,3.8902783,0.0022266,2.2287426,16.7084503,3.6049671,0,2.6548345
63,1.9090910,1,-11.6383495,9.0938148,3.6978354,0.9815875,-0.1595458,0.0207290,-0.1029628,0.9815875,-0.1595458,0.0207290,-0.1029628,3.0988002,-0.6614632,-0.0248429,-2.5141792,3.8952341,0.0022414,2.2287426,16.7084503,3.6049671,0,2.6017890
64,1.9393940,1,-11.5468788,9.0773439,3.6970847,0.9825533,-0.1632764,0.0185825,-0.0870892,0.9825533,-0.1632764,0.0185825,-0.0870892,3.0185390,-0.5435289,-0.0247745,-2.6486216,3.8918319,0.0022570,2.2287426,16.7084503,3.6049671,0,2.5530269
65,1.9696970,1,-11.4579391,9.0644379,3.6963360,0.9832582,-0.1673414,0.0161949,-0.0702684,0.9832582,-0.1673414,0.0161949,-0.0702684,2.9350219,-0.4259108,-0.0247057,-2.7560627,3.8813961,0.0022734,2.2287426,16.7084503,3.6049671,0,2.5087473
66,2.0000000,1,-11.3716030,9.0550804,3.6955895,0.9836662,-0.1716722,0.0135162,-0.0524096,0.9836662,-0.1716722,0.0135162,-0.0524096,2.8490858,-0.3087918,-0.0246362,-2.8358893,3.8649290,0.0022908,2.2287426,16.7084503,3.6049671,0,2.4691265
67,2.0303030,1,-11.2879190,9.0492525,3.6948452,0.9842297,-0.1733897,0.0104029,-0.0334617,0.9842297,-0.1733897,0.0104029,-0.0334617,2.7615757,-0.1923343,-0.0245663,-2.8878298,3.8430963,0.0023091,2.2287426,16.7084503,3.6049671,0,2.4343195
68,2.0606060,1,-11.2069092,9.0469284,3.6941030,0.9847075,-0.1735639,0.0069994,-0.0133263,0.9847075,-0.1735639,0.0069994,-0.0133263,2.6733351,-0.0766918,-0.0244957,-2.9119372,3.8162010,0.0023283,2.2287426,16.7084503,3.6049671,0,2.4044557
69,2.0909092,1,-11.1285696,9.0480795,3.6933630,0.9847642,-0.1736757,0.0033759,0.0080537,0.9847642,-0.1736757,0.0033759,0.0080537,2.5851955,0.0379808,-0.0244246,-2.9086030,3.7841966,0.0023484,2.2287426,16.7084503,3.6049671,0,2.3796384
70,2.1212122,1,-11.0528736,9.0526705,3.6926250,0.9843187,-0.1737116,-0.0004698,0.0306704,0.9843187,-0.1737116,-0.0004698,0.0306704,2.4979668,0.1515174,-0.0243528,-2.8785522,3.7467074,0.0023693,2.2287426,16.7084503,3.6049671,0,2.3599446
71,2.1515152,1,-10.9797697,9.0606623,3.6918893,0.9832889,-0.1736568,-0.0045304,0.0544579,0.9832889,-0.1736568,-0.0045304,0.0544579,2.4124262,0.2637315,-0.0242803,-2.8228343,3.7030652,0.0023909,2.2287426,16.7084503,3.6049671,0,2.3454230
72,2.1818182,1,-10.9091845,9.0720081,3.6911557,0.9815987,-0.1734970,-0.0087866,0.0792808,0.9815987,-0.1734970,-0.0087866,0.0792808,2.3293107,0.3744091,-0.0242072,-2.7428157,3.6523612,0.0024131,2.2287426,16.7084503,3.6049671,0,2.3360927
73,2.2121212,1,-10.8410234,9.0866537,3.6904244,0.9791887,-0.1732200,-0.0132057,0.1049271,0.9791887,-0.1732200,-0.0132057,0.1049271,2.2493055,0.4833039,-0.0241334,-2.6401696,3.5935280,0.0024358,2.2287426,16.7084503,3.6049671,0,2.3319435
74,2.2424242,1,-10.7751741,9.1045370,3.6896954,0.9760277,-0.1728171,-0.0177412,0.1311090,0.9760277,-0.1728171,-0.0177412,0.1311090,2.1730373,0.5901345,-0.0240589,-2.5168488,3.5254109,0.0024588,2.2287426,16.7084503,3.6049671,0,2.3329360
75,2.2727273,1,-10.7115059,9.1255846,3.6889687,0.9721220,-0.1722860,-0.0223343,0.1574728,0.9721220,-0.1722860,-0.0223343,0.1574728,2.1010666,0.6945845,-0.0239837,-2.3750360,3.4468503,0.0024819,2.2287426,16.7084503,3.6049671,0,2.3390005
76,2.3030305,1,-10.6498728,9.1497154,3.6882441,0.9675236,-0.1716314,-0.0269165,0.1836194,0.9675236,-0.1716314,-0.0269165,0.1836194,2.0338812,0.7963052,-0.0239077,-2.2171164,3.3567822,0.0025049,2.2287426,16.7084503,3.6049671,0,2.3500388
77,2.3333335,1,-10.5901184,9.1768341,3.6875219,0.9623314,-0.1708662,-0.0314147,0.2091319,0.9623314,-0.1708662,-0.0314147,0.2091319,1.9718937,0.8949202,-0.0238311,-2.0455897,3.2542949,0.0025278,2.2287426,16.7084503,3.6049671,0,2.3659256
78,2.3636365,1,-10.5320778,9.2068300,3.6868021,0.9566894,-0.1700116,-0.0357527,0.2335877,0.9566894,-0.1700116,-0.0357527,0.2335877,1.9153328,0.9898790,-0.0237539,-1.8665100,3.1336408,0.0025502,2.2287426,16.7084503,3.6049671,0,2.3865082
79,2.3939395,1,-10.4755878,9.2395697,3.6860847,0.9518185,-0.1631289,-0.0382472,0.2568417,0.9518185,-0.1631289,-0.0382472,0.2568417,1.8641640,1.0804207,-0.0236759,-1.6885697,2.9878757,0.0025721,2.2287426,16.7084503,3.6049671,0,2.4116087
80,2.4242425,1,-10.4204874,9.2748966,3.6853697,0.9475701,-0.1516702,-0.0388236,0.2785671,0.9475701,-0.1516702,-0.0388236,0.2785671,1.8183017,1.1657814,-0.0235973,-1.5134580,2.8169026,0.0025933,2.2287426,16.7084503,3.6049671,0,2.4410226
81,2.4545455,1,-10.3666201,9.3126297,3.6846571,0.9435009,-0.1389401,-0.0382003,0.2983998,0.9435009,-0.1389401,-0.0382003,0.2983998,1.7776258,1.2452029,-0.0235181,-1.3423040,2.6209092,0.0026138,2.2287426,16.7084503,3.6049671,0,2.4745190
82,2.4848485,1,-10.3138323,9.3525677,3.6839468,0.9396988,-0.1252248,-0.0364230,0.3161621,0.9396988,-0.1252248,-0.0364230,0.3161621,1.7419873,1.3179462,-0.0234383,-1.1760696,2.4005289,0.0026334,2.2287426,16.7084503,3.6049671,0,2.5118430
83,2.5151515,1,-10.2619772,9.3944864,3.6832390,0.9362399,-0.1107870,-0.0335869,0.3317427,0.9362399,-0.1107870,-0.0335869,0.3317427,1.7112154,1.3833053,-0.0233580,-1.0154749,2.1568499,0.0026523,2.2287426,16.7084503,3.6049671,0,2.5527141
84,2.5454545,1,-10.2109127,9.4381418,3.6825335,0.9331881,-0.0958513,-0.0298197,0.3450844,0.9331881,-0.0958513,-0.0298197,0.3450844,1.6851264,1.4406208,-0.0232770,-0.8609364,1.8914107,0.0026704,2.2287426,16.7084503,3.6049671,0,2.5968304
85,2.5757577,1,-10.1605024,9.4832716,3.6818306,0.9305956,-0.0805961,-0.0252655,0.3561709,0.9305956,-0.0805961,-0.0252655,0.3561709,1.6635348,1.4892937,-0.0231956,-0.7125238,1.6062045,0.0026877,2.2287426,16.7084503,3.6049671,0,2.6438682
86,2.6060607,1,-10.1106157,9.5295992,3.6811302,0.9285037,-0.0651502,-0.0200719,0.3650117,0.9285037,-0.0651502,-0.0200719,0.3650117,1.6462643,1.5287980,-0.0231136,-0.5699244,1.3036408,0.0027042,2.2287426,16.7084503,3.6049671,0,2.6934872
87,2.6363637,1,-10.0611258,9.5768328,3.6804323,0.9269440,-0.0495954,-0.0143812,0.3716295,0.9269440,-0.0495954,-0.0143812,0.3716295,1.6331602,1.5586931,-0.0230312,-0.4324363,0.9865364,0.0027201,2.2287426,16.7084503,3.6049671,0,2.7453294
88,2.6666667,1,-10.0119104,9.6246700,3.6797369,0.9259393,-0.0339736,-0.0083266,0.3760491,0.9259393,-0.0339736,-0.0083266,0.3760491,1.6241002,1.5786355,-0.0229483,-0.2989800,0.6581001,0.0027355,2.2287426,16.7084503,3.6049671,0,2.7990246
89,2.6969697,1,-9.9628496,9.6728029,3.6790440,0.9255047,-0.0182955,-0.0020320,0.3782884,0.9255047,-0.0182955,-0.0020320,0.3782884,1.6190054,1.5883904,-0.0228650,-0.1681285,0.3219131,0.0027505,2.2287426,16.7084503,3.6049671,0,2.8541934
90,2.7272727,1,-9.9138241,9.7209196,3.6783538,0.9256472,-0.0025527,0.0043848,0.3783537,0.9256472,-0.0025527,0.0043848,0.3783537,1.6178492,1.5878420,-0.0227812,-0.0381564,-0.0180969,0.0027651,2.2287426,16.7084503,3.6049671,0,2.9104509
91,2.7575758,1,-9.8647127,9.7687073,3.6776659,0.9263656,0.0132668,0.0108054,0.3762368,0.9263656,0.0132668,0.0108054,0.3762368,1.6206632,1.5770043,-0.0226970,0.0928598,-0.3576425,0.0027795,2.2287426,16.7084503,3.6049671,0,2.9674084
92,2.7878790,1,-9.8153954,9.8158617,3.6769807,0.9276475,0.0290324,0.0170529,0.3719362,0.9276475,0.0290324,0.0170529,0.3719362,1.6274856,1.5560944,-0.0226123,0.2251417,-0.6900251,0.0027939,2.2287426,16.7084503,3.6049671,0,3.0246842
93,2.8181820,1,-9.7657480,9.8620882,3.6762981,0.9294744,0.0446579,0.0229717,0.3654525,0.9294744,0.0446579,0.0229717,0.3654525,1.6383587,1.5254730,-0.0225272,0.3588120,-1.0105053,0.0028082,2.2287426,16.7084503,3.6049671,0,3.0819042
94,2.8484850,1,-9.7156458,9.9071083,3.6756182,0.9318188,0.0600790,0.0284210,0.3567862,0.9318188,0.0600790,0.0284210,0.3567862,1.6533809,1.4856478,-0.0224417,0.4957310,-1.3142323,0.0028225,2.2287426,16.7084503,3.6049671,0,3.1062911
95,2.8787880,1,-9.6649580,9.9506626,3.6749408,0.9346457,0.0751528,0.0332400,0.3459546,0.9346457,0.0751528,0.0332400,0.3459546,1.6727046,1.4372995,-0.0223557,0.6376836,-1.5954947,0.0028370,2.2287426,16.7084503,3.6049671,0,3.0818281
96,2.9090910,1,-9.6135483,9.9925194,3.6742661,0.9379120,0.0896508,0.0372572,0.3330103,0.9379120,0.0896508,0.0372572,0.3330103,1.6965194,1.3812889,-0.0222693,0.7858864,-1.8483497,0.0028515,2.2287426,16.7084503,3.6049671,0,3.0119078
97,2.9393940,1,-9.5612745,10.0324783,3.6735940,0.9415681,0.1032528,0.0403037,0.3180630,0.9415681,0.1032528,0.0403037,0.3180630,1.7250282,1.3186589,-0.0221824,0.9407905,-2.0667894,0.0028661,2.2287426,16.7084503,3.6049671,0,2.9352083
98,2.9696970,1,-9.5080633,10.0703716,3.6729245,0.9457050,0.1135911,0.0416530,0.3016690,0.9457050,0.1135911,0.0416530,0.3016690,1.7559683,1.2504717,-0.0220951,1.0210277,-2.2501771,0.0028808,2.2287426,16.7084503,3.6049671,0,2.8653183
99,3.0000000,1,-9.4538851,10.1060514,3.6722577,0.9501038,0.1218969,0.0418547,0.2840635,0.9501038,0.1218969,0.0418547,0.2840635,1.7878718,1.1774464,-0.0220074,1.0528163,-2.4098363,0.0028955,2.2287426,16.7084503,3.6049671,0,2.8028426
100,3.0303030,1,-9.3987255,10.1393948,3.6715934,0.9545867,0.1289870,0.0412559,0.2653757,0.9545867,0.1289870,0.0412559,0.2653757,1.8202695,1.1003360,-0.0219192,1.0691230,-2.5446434,0.0029103,2.2287426,16.7084503,3.6049671,0,2.7463601
101,3.0606062,1,-9.3425827,10.1703024,3.6709318,0.9590797,0.1347397,0.0399134,0.2458015,0.9590797,0.1347397,0.0399134,0.2458015,1.8526995,1.0199467,-0.0218306,1.0701928,-2.6528454,0.0029254,2.2287426,16.7084503,3.6049671,0,2.6923959
102,3.0909092,1,-9.2854700,10.1987000,3.6702731,0.9635104,0.1390419,0.0379102,0.2255611,0.9635104,0.1390419,0.0379102,0.2255611,1.8847038,0.9371278,-0.0217414,1.0561405,-2.7330229,0.0029408,2.2287426,16.7084503,3.6049671,0,2.6409371
103,3.1212122,1,-9.2274151,10.2245407,3.6696169,0.9678124,0.1417987,0.0353541,0.2048957,0.9678124,0.1417987,0.0353541,0.2048957,1.9158244,0.8527606,-0.0216519,1.0269821,-2.7841184,0.0029565,2.2287426,16.7084503,3.6049671,0,2.5920291
104,3.1515152,1,-9.1684570,10.2478056,3.6689634,0.9719262,0.1429445,0.0323734,0.1840604,0.9719262,0.1429445,0.0323734,0.1840604,1.9456022,0.7677457,-0.0215618,0.9826661,-2.8054919,0.0029726,2.2287426,16.7084503,3.6049671,0,2.5459650
105,3.1818182,1,-9.1086836,10.2685013,3.6683128,0.9758570,0.1419843,0.0290443,0.1634009,0.9758570,0.1419843,0.0290443,0.1634009,1.9725384,0.6829566,-0.0214712,0.8888947,-2.7980421,0.0029893,2.2287426,16.7084503,3.6049671,0,2.5075407
106,3.2121212,1,-9.0482073,10.2866573,3.6676650,0.9794856,0.1395240,0.0256248,0.1431232,0.9794856,0.1395240,0.0256248,0.1431232,1.9957030,0.5991471,-0.0213801,0.7644340,-2.7657130,0.0030065,2.2287426,16.7084503,3.6049671,0,2.4787519
107,3.2424242,1,-8.9870195,10.3023329,3.6670198,0.9825958,0.1372500,0.0223987,0.1231516,0.9825958,0.1372500,0.0223987,0.1231516,2.0191822,0.5173002,-0.0212884,0.7748144,-2.7009444,0.0030245,2.2287426,16.7084503,3.6049671,0,2.4598355
108,3.2727275,1,-8.9250507,10.3156424,3.6663775,0.9855256,0.1325396,0.0191218,0.1039560,0.9855256,0.1325396,0.0191218,0.1039560,2.0449727,0.4391997,-0.0211962,0.8510869,-2.5773187,0.0030432,2.2287426,16.7084503,3.6049671,0,2.4509020
109,3.3030305,1,-8.8622379,10.3267546,3.6657381,0.9883758,0.1242701,0.0159000,0.0861250,0.9883758,0.1242701,0.0159000,0.0861250,2.0728240,0.3667105,-0.0211034,0.9190909,-2.3921416,0.0030623,2.2287426,16.7084503,3.6049671,0,2.4519293
110,3.3333335,1,-8.7985334,10.3358955,3.6651015,0.9910877,0.1124798,0.0129558,0.0701827,0.9910877,0.1124798,0.0129558,0.0701827,2.1022439,0.3016524,-0.0210100,0.9708597,-2.1469178,0.0030815,2.2287426,16.7084503,3.6049671,0,2.4627554
111,3.3636365,1,-8.7339125,10.3433418,3.6644678,0.9935798,0.0974113,0.0104500,0.0565770,0.9935798,0.0974113,0.0104500,0.0565770,2.1325052,0.2457205,-0.0209161,0.9986210,-1.8457550,0.0031007,2.2287426,16.7084503,3.6049671,0,2.4830873
112,3.3939395,1,-8.6683769,10.3494148,3.6638370,0.9957539,0.0794852,0.0084580,0.0456562,0.9957539,0.0794852,0.0084580,0.0456562,2.1626747,0.2004124,-0.0208216,0.9955913,-1.4951661,0.0031195,2.2287426,16.7084503,3.6049671,0,2.5125120
113,3.4242425,1,-8.6019630,10.3544741,3.6632090,0.9975081,0.0592527,0.0069635,0.0376612,0.9975081,0.0592527,0.0069635,0.0376612,2.1916649,0.1669683,-0.0207265,0.9566808,-1.1036545,0.0031376,2.2287426,16.7084503,3.6049671,0,2.5505097
114,3.4545455,1,-8.5347414,10.3589087,3.6625838,0.9987493,0.0373361,0.0058693,0.0327310,0.9987493,0.0373361,0.0058693,0.0327310,2.2183011,0.1463285,-0.0206309,0.8789891,-0.6811147,0.0031550,2.2287426,16.7084503,3.6049671,0,2.5964756
115,3.4848485,1,-8.4668207,10.3631239,3.6619616,0.9994061,0.0143671,0.0050190,0.0309178,0.9994061,0.0143671,0.0050190,0.0309178,2.2413929,0.1391120,-0.0205348,0.7620325,-0.2381449,0.0031713,2.2287426,16.7084503,3.6049671,0,2.6497424
116,3.5151515,1,-8.3983421,10.3675365,3.6613421,0.9994311,-0.0090654,0.0042230,0.0322074,0.9994311,-0.0090654,0.0042230,0.0322074,2.2598081,0.1456165,-0.0204382,0.6077043,0.2146511,0.0031864,2.2287426,16.7084503,3.6049671,0,2.7095990
117,3.5454547,1,-8.3294773,10.3725615,3.6607258,0.9987999,-0.0324474,0.0032818,0.0365388,0.9987999,-0.0324474,0.0032818,0.0365388,2.2725358,0.1658345,-0.0203412,0.4200187,0.6671909,0.0032002,2.2287426,16.7084503,3.6049671,0,2.7753162
118,3.5757577,1,-8.2604246,10.3786068,3.6601124,0.9975027,-0.0553526,0.0020042,0.0438220,0.9975027,-0.0553526,0.0020042,0.0438220,2.2787387,0.1994812,-0.0202439,0.2046999,1.1103420,0.0032126,2.2287426,16.7084503,3.6049671,0,2.7223349
119,3.6060607,1,-8.1914005,10.3860626,3.6595018,0.9955366,-0.0774344,0.0002200,0.0539498,0.9955366,-0.0774344,0.0002200,0.0539498,2.2777903,0.2460305,-0.0201462,-0.0312949,1.5361274,0.0032236,2.2287426,16.7084503,3.6049671,0,2.6199636
120,3.6363637,1,-8.1226339,10.3952980,3.6588943,0.9928988,-0.0984089,-0.0022120,0.0668038,0.9928988,-0.0984089,-0.0022120,0.0668038,2.2692971,0.3047532,-0.0200482,-0.2802763,1.9378490,0.0032333,2.2287426,16.7084503,3.6049671,0,2.5199432
121,3.6666667,1,-8.0543575,10.4066544,3.6582897,0.9895831,-0.1180284,-0.0053974,0.0822534,0.9895831,-0.1180284,-0.0053974,0.0822534,2.2531068,0.3747537,-0.0199500,-0.5342768,2.3100166,0.0032415,2.2287426,16.7084503,3.6049671,0,2.4227786
122,3.6969697,1,-7.9868031,10.4204426,3.6576881,0.9855804,-0.1360607,-0.0093998,0.1001508,0.9855804,-0.1360607,-0.0093998,0.1001508,2.2293015,0.4550039,-0.0198515,-0.7855800,2.6482580,0.0032486,2.2287426,16.7084503,3.6049671,0,2.3289521
123,3.7272727,0,-7.9201922,10.4369383,3.6570895,0.9808851,-0.1522659,-0.0142315,0.1203199,0.9808851,-0.1522659,-0.0142315,0.1203199,2.1981537,0.5443606,-0.0197529,-1.0278728,2.9487705,0.0032544,2.2287426,16.7084503,3.6049671,0,2.2389140
124,3.7575760,0,-7.8547325,10.4563808,3.6564939,0.9755020,-0.1663835,-0.0198423,0.1425438,0.9755020,-0.1663835,-0.0198423,0.1425438,2.1601789,0.6415949,-0.0196542,-1.2531687,3.2087326,0.0032592,2.2287426,16.7084503,3.6049671,0,2.1530771
125,3.7878790,0,-7.7906094,10.4789696,3.6559014,0.9705833,-0.1718859,-0.0250357,0.1667227,0.9705833,-0.1718859,-0.0250357,0.1667227,2.1160576,0.7454202,-0.0195553,-1.4560015,3.4262328,0.0032629,2.2287426,16.7084503,3.6049671,0,2.0718064
126,3.8181820,0,-7.7279854,10.5048637,3.6553118,0.9657883,-0.1711550,-0.0296219,0.1925649,0.9657883,-0.1711550,-0.0296219,0.1925649,2.0665984,0.8545066,-0.0194563,-1.6321548,3.5998497,0.0032658,2.2287426,16.7084503,3.6049671,0,1.9954178
127,3.8484850,0,-7.6669946,10.5341816,3.6547253,0.9600185,-0.1702549,-0.0344181,0.2195293,0.9600185,-0.1702549,-0.0344181,0.2195293,2.0126948,0.9674929,-0.0193573,-1.7788221,3.7285514,0.0032680,2.2287426,16.7084503,3.6049671,0,1.9241698
128,3.8787880,0,-7.6077437,10.5669994,3.6541417,0.9532833,-0.1691841,-0.0393429,0.2471434,0.9532833,-0.1691841,-0.0393429,0.2471434,1.9552786,1.0829993,-0.0192582,-1.8947349,3.8117108,0.0032694,2.2287426,16.7084503,3.6049671,0,1.8582628
129,3.9090910,0,-7.5503073,10.6033525,3.6535611,0.9456556,-0.1679519,-0.0443056,0.2748901,0.9456556,-0.1679519,-0.0443056,0.2748901,1.8953990,1.1996417,-0.0191591,-1.9760276,3.8491962,0.0032704,2.2287426,16.7084503,3.6049671,0,1.7978337
130,3.9393940,0,-7.4947176,10.6432343,3.6529834,0.9372822,-0.1665804,-0.0492078,0.3022113,0.9372822,-0.1665804,-0.0492078,0.3022113,1.8344637,1.3161014,-0.0190600,-2.0108633,3.8431721,0.0032709,2.2287426,16.7084503,3.6049671,0,1.7429516
131,3.9696970,0,-7.4409842,10.6866016,3.6524088,0.9283400,-0.1650984,-0.0539675,0.3286559,0.9283400,-0.1650984,-0.0539675,0.3286559,1.7731930,1.4311153,-0.0189609,-2.0219321,3.7954569,0.0032711,2.2287426,16.7084503,3.6049671,0,1.6936269
132,4.0000000,0,-7.3891001,10.7333736,3.6518373,0.9190308,-0.1635398,-0.0585163,0.3538544,0.9190308,-0.1635398,-0.0585163,0.3538544,1.7121731,1.5434742,-0.0188618,-2.0136564,3.7078447,0.0032710,2.2287426,16.7084503,3.6049671,0,1.6498101
133,4.0303030,0,-7.3390818,10.7834358,3.6512687,0.9094857,-0.1619287,-0.0628328,0.3777127,0.9094857,-0.1619287,-0.0628328,0.3777127,1.6506021,1.6520667,-0.0187626,-2.0318413,3.5835507,0.0032706,2.2287426,16.7084503,3.6049671,0,1.6113985
134,4.0606060,0,-7.2911687,10.8366585,3.6507032,0.8993614,-0.1602127,-0.0670838,0.4012240,0.8993614,-0.1602127,-0.0670838,0.4012240,1.5811241,1.7563565,-0.0186635,-2.2927742,3.4415643,0.0032703,2.2287426,16.7084503,3.6049671,0,1.5782685
135,4.0909090,0,-7.2455955,10.8929090,3.6501405,0.8886274,-0.1583870,-0.0712841,0.4244683,0.8886274,-0.1583870,-0.0712841,0.4244683,1.5039132,1.8562543,-0.0185644,-2.5479589,3.2966311,0.0032704,2.2287426,16.7084503,3.6049671,0,1.5502365
136,4.1212120,0,-7.2025909,10.9520569,3.6495810,0.8772392,-0.1564440,-0.0754501,0.4475308,0.8772392,-0.1564440,-0.0754501,0.4475308,1.4191475,1.9518735,-0.0184653,-2.7972672,3.1554346,0.0032716,2.2287426,16.7084503,3.6049671,0,1.5270650
137,4.1515155,0,-7.1623788,11.0139780,3.6490245,0.8651475,-0.1543750,-0.0795953,0.4704813,0.8651475,-0.1543750,-0.0795953,0.4704813,1.3270079,2.0434110,-0.0183661,-3.0406067,3.0207329,0.0032742,2.2287426,16.7084503,3.6049671,0,1.5084717
138,4.1818185,0,-7.1251764,11.0785589,3.6484709,0.8523009,-0.1521706,-0.0837302,0.4933724,0.8523009,-0.1521706,-0.0837302,0.4933724,1.2276785,2.1311741,-0.0182667,-3.2778699,2.8961802,0.0032787,2.2287426,16.7084503,3.6049671,0,1.4934828
139,4.2121215,0,-7.0911961,11.1457024,3.6479204,0.8386441,-0.1498206,-0.0878639,0.5162458,0.8386441,-0.1498206,-0.0878639,0.5162458,1.1213528,2.2157366,-0.0181672,-3.5087478,2.7905626,0.0032857,2.2287426,16.7084503,3.6049671,0,1.4810603
140,4.2424245,0,-7.0606427,11.2153378,3.6473730,0.8241273,-0.1473150,-0.0920008,0.5391181,0.8241273,-0.1473150,-0.0920008,0.5391181,1.0082535,2.2979722,-0.0180673,-3.7322783,2.7137747,0.0032954,2.2287426,16.7084503,3.6049671,0,1.4046469
141,4.2727275,0,-7.0337133,11.2874317,3.6468284,0.8087223,-0.1446474,-0.0961384,0.5619633,0.8087223,-0.1446474,-0.0961384,0.5619633,0.8886669,2.3790872,-0.0179671,-3.9463568,2.6767960,0.0033082,2.2287426,16.7084503,3.6049671,0,1.3301222
142,4.3030305,0,-7.0105920,11.3619967,3.6462870,0.7924447,-0.1418181,-0.1002627,0.5846933,0.7924447,-0.1418181,-0.1002627,0.5846933,0.7629998,2.4606481,-0.0178663,-4.1470127,2.6915064,0.0033244,2.2287426,16.7084503,3.6049671,0,1.2590837
143,4.3333335,0,-6.9914446,11.4391050,3.6457486,0.7753835,-0.1388402,-0.1043450,0.6071376,0.7753835,-0.1388402,-0.1043450,0.6071376,0.6318646,2.5445914,-0.0177650,-4.3274617,2.7701306,0.0033443,2.2287426,16.7084503,3.6049671,0,1.1921432
144,4.3636365,0,-6.9764104,11.5188990,3.6452134,0.7577254,-0.1357436,-0.1083401,0.6290376,0.7577254,-0.1357436,-0.1083401,0.6290376,0.4961219,2.6332066,-0.0176629,-4.4795094,2.9242973,0.0033679,2.2287426,16.7084503,3.6049671,0,1.1299872
145,4.3939395,0,-6.9655938,11.6015978,3.6446812,0.7397749,-0.1325791,-0.1121875,0.6500537,0.7397749,-0.1325791,-0.1121875,0.6500537,0.3569468,2.7290468,-0.0175600,-4.5927782,3.1627245,0.0033952,2.2287426,16.7084503,3.6049671,0,1.0733917
146,4.4242425,0,-6.9590425,11.6874981,3.6441522,0.7219901,-0.1294252,-0.1158088,0.6697520,0.7219901,-0.1294252,-0.1158088,0.6697520,0.2161856,2.8347249,-0.0174562,-4.6451168,3.4873736,0.0034263,2.2287426,16.7084503,3.6049671,0,1.0232275
147,4.4545455,0,-6.9567022,11.7769527,3.6436265,0.7050532,-0.1264016,-0.1190984,0.6875595,0.7050532,-0.1264016,-0.1190984,0.6875595,0.0772366,2.9519897,-0.0173519,-4.5853186,3.8697343,0.0034430,2.2287426,16.7084503,3.6049671,0,0.9804367
148,4.4848485,0,-6.9584904,11.8697586,3.6431038,0.6892731,-0.1235780,-0.1220230,0.7033787,0.6892731,-0.1235780,-0.1220230,0.7033787,-0.0590043,3.0625825,-0.0172458,-4.4959488,3.6495628,0.0034992,2.2287426,16.7084503,3.6049671,0,0.9461760
149,4.5151515,0,-6.9642868,11.9655533,3.6425846,0.6746629,-0.1209619,-0.1246146,0.7174047,0.6746629,-0.1209619,-0.1246146,0.7174047,-0.1912780,3.1612139,-0.0171386,-4.3650331,3.2548325,0.0035400,2.2287426,16.7084503,3.6049671,0,0.9215543
150,4.5454545,0,-6.9739590,12.0639524,3.6420684,0.6610888,-0.1185311,-0.1269270,0.7299325,0.6610888,-0.1185311,-0.1269270,0.7299325,-0.3191878,3.2471838,-0.0170300,-4.2210212,2.8370080,0.0035840,2.2287426,16.7084503,3.6049671,0,0.9065663
151,4.5757575,0,-6.9873638,12.1645555,3.6415555,0.6484163,-0.1162630,-0.1290062,0.7412129,0.6484163,-0.1162630,-0.1290062,0.7412129,-0.4423673,3.3198912,-0.0169199,-4.0649247,2.3993440,0.0036314,2.2287426,16.7084503,3.6049671,0,0.8961598
152,4.6060610,0,-7.0043483,12.2669449,3.6410463,0.6367388,-0.1128833,-0.1294129,0.7517135,0.6367388,-0.1128833,-0.1294129,0.7517135,-0.5604828,3.3788431,-0.0168083,-3.8978109,1.9454083,0.0036821,2.2287426,16.7084503,3.6049671,0,0.8893330
153,4.6363640,0,-7.0247493,12.3706923,3.6405404,0.6262790,-0.1063135,-0.1255403,0.7620444,0.6262790,-0.1063135,-0.1255403,0.7620444,-0.6732340,3.4236639,-0.0166951,-3.7207909,1.4790859,0.0037361,2.2287426,16.7084503,3.6049671,0,0.8859226
154,4.6666670,0,-7.0483966,12.4753618,3.6400380,0.6161972,-0.1005908,-0.1221492,0.7715323,0.6161972,-0.1005908,-0.1221492,0.7715323,-0.7803552,3.4541032,-0.0165802,-3.5349984,1.0044971,0.0037933,2.2287426,16.7084503,3.6049671,0,0.8857586
155,4.6969700,0,-7.0751123,12.5805149,3.6395392,0.6064111,-0.0956352,-0.1192699,0.7803168,0.6064111,-0.0956352,-0.1192699,0.7803168,-0.8816151,3.4700403,-0.0164634,-3.3415761,0.5259247,0.0038537,2.2287426,16.7084503,3.6049671,0,0.8886630
156,4.7272730,0,-7.1047130,12.6857119,3.6390440,0.5968427,-0.0913685,-0.1169146,0.7885187,0.5968427,-0.0913685,-0.1169146,0.7885187,-0.9768170,3.4714873,-0.0163447,-3.1416616,0.0477495,0.0039169,2.2287426,16.7084503,3.6049671,0,0.8944523
157,4.7575760,0,-7.1370101,12.7905178,3.6385524,0.5874185,-0.0877153,-0.1150818,0.7962422,0.5874185,-0.0877153,-0.1150818,0.7962422,-1.0657989,3.4585891,-0.0162240,-2.9364023,-0.4256392,0.0039829,2.2287426,16.7084503,3.6049671,0,0.9029381
158,4.7878790,0,-7.1718111,12.8945065,3.6380646,0.5780683,-0.0846037,-0.1137598,0.8035781,0.5780683,-0.0846037,-0.1137598,0.8035781,-1.1484340,3.4316218,-0.0161012,-2.7269588,-0.8899231,0.0040514,2.2287426,16.7084503,3.6049671,0,0.9139277
159,4.8181820,0,-7.2089210,12.9972639,3.6375804,0.5687246,-0.0819661,-0.1129308,0.8106050,0.5687246,-0.0819661,-0.1129308,0.8106050,-1.2246318,3.3909864,-0.0159763,-2.5145254,-1.3409629,0.0041219,2.2287426,16.7084503,3.6049671,0,0.9272262
160,4.8484850,0,-7.2481432,13.0983915,3.6371002,0.5593213,-0.0797399,-0.1125736,0.8173912,0.5593213,-0.0797399,-0.1125736,0.8173912,-1.2943395,3.3372033,-0.0158492,-2.3003540,-1.7748423,0.0041943,2.2287426,16.7084503,3.6049671,0,0.9426371
161,4.8787880,0,-7.2892809,13.1975098,3.6366239,0.5497929,-0.0778681,-0.1126673,0.8239966,0.5497929,-0.0778681,-0.1126673,0.8239966,-1.3575451,3.2709019,-0.0157199,-2.0857854,-2.1879454,0.0042678,2.2287426,16.7084503,3.6049671,0,0.9599635
162,4.9090910,0,-7.3321381,13.2942619,3.6361516,0.5400730,-0.0762992,-0.1131931,0.8304739,0.5400730,-0.0762992,-0.1131931,0.8304739,-1.4142808,3.1928115,-0.0155883,-1.8722754,-2.5769830,0.0043422,2.2287426,16.7084503,3.6049671,0,0.9790093
163,4.9393940,0,-7.3765206,13.3883152,3.6356833,0.5300934,-0.0749871,-0.1141363,0.8368696,0.5300934,-0.0749871,-0.1141363,0.8368696,-1.4646264,3.1037502,-0.0154545,-1.6614070,-2.9390216,0.0044169,2.2287426,16.7084503,3.6049671,0,1.0000238
164,4.9696970,0,-7.4222393,13.4793644,3.6352191,0.5197825,-0.0738899,-0.1154863,0.8432255,0.5197825,-0.0738899,-0.1154863,0.8432255,-1.5087144,3.0046153,-0.0153184,-1.4549060,-3.2714562,0.0044915,2.2287426,16.7084503,3.6049671,0,1.0269058
165,5.0000000,0,-7.4691100,13.5671329,3.6347592,0.5090648,-0.0729678,-0.1172354,0.8495791,0.5090648,-0.0729678,-0.1172354,0.8495791,-1.5467330,2.8963726,-0.0151800,-1.2546144,-3.5720115,0.0045654,2.2287426,16.7084503,3.6049671,0,1.0596874
166,5.0303030,0,-7.5169563,13.6513767,3.6343033,0.4978596,-0.0721813,-0.1193763,0.8559644,0.4978596,-0.0721813,-0.1193763,0.8559644,-1.5789287,2.7800486,-0.0150395,-1.0624590,-3.8386936,0.0046382,2.2287426,16.7084503,3.6049671,0,1.0972073
167,5.0606060,0,-7.5656109,13.7318830,3.6338520,0.4860815,-0.0714875,-0.1218978,0.8624124,0.4860815,-0.0714875,-0.1218978,0.8624124,-1.6056076,2.6567223,-0.0148968,-0.8804040,-4.0697680,0.0047096,2.2287426,16.7084503,3.6049671,0,1.1383483
168,5.0909090,0,-7.6149039,13.8088560,3.6334050,0.4754676,-0.0654956,-0.1146671,0.8697657,0.4754676,-0.0654956,-0.1146671,0.8697657,-1.6266662,2.5401077,-0.0147519,-0.6949325,-3.8482780,0.0047787,2.2287426,16.7084503,3.6049671,0,1.1821766
169,5.1212125,0,-7.6646290,13.8826265,3.6329625,0.4661403,-0.0570211,-0.1019398,0.8769664,0.4661403,-0.0570211,-0.1019398,0.8769664,-1.6409266,2.4344358,-0.0146051,-0.4705944,-3.4871736,0.0048454,2.2287426,16.7084503,3.6049671,0,1.2279077
170,5.1515155,0,-7.7145600,13.9534655,3.6325245,0.4577614,-0.0489598,-0.0889478,0.8832585,0.4577614,-0.0489598,-0.0889478,0.8832585,-1.6477277,2.3376863,-0.0144564,-0.2244368,-3.1927347,0.0049087,2.2287426,16.7084503,3.6049671,0,1.2748644
171,5.1818185,0,-7.7644663,14.0215874,3.6320910,0.4503132,-0.0416247,-0.0764396,0.8886183,0.4503132,-0.0416247,-0.0764396,0.8886183,-1.6469054,2.2480295,-0.0143058,0.0271368,-2.9586735,0.0049684,2.2287426,16.7084503,3.6049671,0,1.3224645
172,5.2121215,0,-7.8141227,14.0871601,3.6316621,0.4437521,-0.0351619,-0.0648924,0.8931051,0.4437521,-0.0351619,-0.0648924,0.8931051,-1.6386651,2.1639068,-0.0141536,0.2719326,-2.7760453,0.0050239,2.2287426,16.7084503,3.6049671,0,1.3702087
173,5.2424245,0,-7.8633189,14.1503134,3.6312380,0.4380176,-0.0295977,-0.0545508,0.8968215,0.4380176,-0.0295977,-0.0545508,0.8968215,-1.6234695,2.0840619,-0.0139998,0.5014563,-2.6348848,0.0050750,2.2287426,16.7084503,3.6049671,0,1.4176714
174,5.2727275,0,-7.9118629,14.2111483,3.6308184,0.4330392,-0.0248821,-0.0454827,0.8998829,0.4330392,-0.0248821,-0.0454827,0.8998829,-1.6019468,2.0075386,-0.0138446,0.7102466,-2.5252714,0.0051213,2.2287426,16.7084503,3.6049671,0,1.4644918
175,5.3030305,0,-7.9595847,14.2697439,3.6304035,0.4287443,-0.0209210,-0.0376324,0.9023992,0.4287443,-0.0209210,-0.0376324,0.9023992,-1.5748191,1.9336613,-0.0136881,0.8952146,-2.4379473,0.0051627,2.2287426,16.7084503,3.6049671,0,1.5103672
176,5.3333335,0,-8.0063381,14.3261681,3.6299934,0.4250658,-0.0175998,-0.0308675,0.9044647,0.4250658,-0.0175998,-0.0308675,0.9044647,-1.5428474,1.8620052,-0.0135306,1.0550656,-2.3646498,0.0051992,2.2287426,16.7084503,3.6049671,0,1.5550470
177,5.3636365,0,-8.0519981,14.3804817,3.6295881,0.4219465,-0.0147983,-0.0250131,0.9061548,0.4219465,-0.0147983,-0.0250131,0.9061548,-1.5067917,1.7923603,-0.0133721,1.1898384,-2.2982821,0.0052305,2.2287426,16.7084503,3.6049671,0,1.5983279
178,5.3939395,0,-8.0964642,14.4327450,3.6291878,0.4193441,-0.0123986,-0.0198754,0.9075251,0.4193441,-0.0123986,-0.0198754,0.9075251,-1.4673818,1.7246965,-0.0132128,1.3005247,-2.2329040,0.0052569,2.2287426,16.7084503,3.6049671,0,1.5817311
179,5.4242425,0,-8.1396751,14.4830217,3.6287923,0.4171184,-0.0106606,-0.0160712,0.9086475,0.4171184,-0.0106606,-0.0160712,0.9086475,-1.4259715,1.6591262,-0.0130528,1.3665417,-2.1638203,0.0052782,2.2287426,16.7084503,3.6049671,0,1.5605984
