frame,t,dt,tx,ty,tz,qw,qx,qy,qz
0,0.0000000,0.0000000,0.0000000,0.0000000,0.0000000,1.0000000,0.0000000,0.0000000,0.0000000
1,0.0303030,0.0303030,0.1182416,-0.0002571,-0.0000046,0.9998965,0.0143467,0.0000043,-0.0010867
2,0.0606061,0.0303030,0.1174098,-0.0003234,0.0000036,0.9999921,0.0037458,-0.0000202,-0.0013778
3,0.0909091,0.0303030,0.1164225,-0.0004005,0.0000077,0.9999892,0.0043258,-0.0000400,-0.0017188
4,0.1212121,0.0303030,0.1152666,-0.0004879,0.0000138,0.9999855,0.0049561,-0.0000700,-0.0021160
5,0.1515152,0.0303030,0.1139401,-0.0005877,0.0000228,0.9999807,0.0056438,-0.0001142,-0.0025771
6,0.1818182,0.0303030,0.1124382,-0.0006998,0.0000354,0.9999747,0.0063967,-0.0001772,-0.0031112
7,0.2121212,0.0303030,0.1107598,-0.0008264,0.0000529,0.9999670,0.0072215,-0.0002657,-0.0037291
8,0.2424242,0.0303030,0.1089072,-0.0009683,0.0000766,0.9999571,0.0081232,-0.0003880,-0.0044431
9,0.2727273,0.0303030,0.1068911,-0.0011271,0.0001083,0.9999446,0.0091043,-0.0005548,-0.0052670
10,0.3030303,0.0303030,0.1047199,-0.0013031,0.0001502,0.9999288,0.0101620,-0.0007802,-0.0062159
11,0.3333333,0.0303030,0.1024153,-0.0014986,0.0002046,0.9999091,0.0112854,-0.0010815,-0.0073054
12,0.3636364,0.0303030,0.0999955,-0.0017137,0.0002748,0.9998848,0.0124518,-0.0014798,-0.0085503
13,0.3939394,0.0303030,0.0974976,-0.0019479,0.0003635,0.9998557,0.0136204,-0.0019999,-0.0099622
14,0.4242424,0.0303030,0.0949600,-0.0022002,0.0004745,0.9998214,0.0147280,-0.0026688,-0.0115466
15,0.4545455,0.0303030,0.0924339,-0.0024687,0.0006109,0.9997824,0.0156807,-0.0035125,-0.0132974
16,0.4848485,0.0303030,0.0899798,-0.0027479,0.0007743,0.9997405,0.0163519,-0.0045496,-0.0151911
17,0.5151515,0.0303030,0.0876718,-0.0030297,0.0009640,0.9996982,0.0165802,-0.0057817,-0.0171794
18,0.5454546,0.0303030,0.0855974,-0.0033056,0.0011765,0.9997898,0.0009652,-0.0068866,-0.0192890
19,0.5757576,0.0303030,0.0838517,-0.0036008,0.0012926,0.9997402,0.0002197,-0.0077061,-0.0214533
20,0.6060606,0.0303030,0.0825345,-0.0038677,0.0013937,0.9996904,0.0002441,-0.0084410,-0.0234078
21,0.6363636,0.0303030,0.0817459,-0.0040805,0.0014764,0.9996485,0.0002632,-0.0090270,-0.0249297
22,0.6666667,0.0303030,0.0815731,-0.0042126,0.0015308,0.9996235,0.0002738,-0.0093788,-0.0257879
23,0.6969697,0.0303030,0.0820757,-0.0042383,0.0015474,0.9996231,0.0002732,-0.0094224,-0.0257878
24,0.7272727,0.0303030,0.0832787,-0.0041398,0.0015188,0.9996502,0.0002603,-0.0091166,-0.0248282
25,0.7575758,0.0303030,0.0851633,-0.0039114,0.0014429,0.9997010,0.0002361,-0.0084679,-0.0229401
26,0.7878788,0.0303030,0.0876659,-0.0035596,0.0013209,0.9997658,0.0002035,-0.0075320,-0.0202863
27,0.8181819,0.0303030,0.0904952,-0.0031890,0.0011886,0.9998233,0.0001713,-0.0065674,-0.0176097
28,0.8484849,0.0303030,0.0932963,-0.0029268,0.0010923,0.9997865,-0.0121213,-0.0056612,-0.0157487
29,0.8787879,0.0303030,0.0960441,-0.0026969,0.0009330,0.9998072,-0.0128418,-0.0046754,-0.0140979
30,0.9090909,0.0303030,0.0987142,-0.0024731,0.0007855,0.9998346,-0.0125808,-0.0038185,-0.0125693
31,0.9393940,0.0303030,0.1012860,-0.0022517,0.0006536,0.9998577,-0.0122783,-0.0030896,-0.0111529
32,0.9696970,0.0303030,0.1037405,-0.0020363,0.0005378,0.9998774,-0.0119209,-0.0024744,-0.0098443
33,1.0000000,0.0303030,0.1060575,-0.0018274,0.0004368,0.9998944,-0.0115237,-0.0019594,-0.0086378
34,1.0303030,0.0303030,0.1082252,-0.0016255,0.0003496,0.9999089,-0.0111002,-0.0015315,-0.0075271
35,1.0606061,0.0303030,0.1102278,-0.0014315,0.0002752,0.9999214,-0.0106574,-0.0011791,-0.0065049
36,1.0909091,0.0303030,0.1120568,-0.0012449,0.0002125,0.9999321,-0.0101999,-0.0008917,-0.0055646
37,1.1212121,0.0303030,0.1137039,-0.0010672,0.0001605,0.9999414,-0.0097318,-0.0006598,-0.0046997
38,1.1515152,0.0303030,0.1151855,-0.0008807,0.0001159,0.9999402,-0.0102325,-0.0004638,-0.0038268
39,1.1818182,0.0303030,0.1167595,-0.0004707,0.0000582,0.9997433,-0.0225666,-0.0002037,-0.0020192
40,1.2121212,0.0303030,0.1183415,-0.0000693,0.0000158,0.9997559,-0.0220937,-0.0000609,-0.0002932
41,1.2424242,0.0303030,0.1198625,0.0003121,0.0000094,0.9997804,-0.0209201,-0.0000665,0.0013008
42,1.2727273,0.0303030,0.1212614,0.0006631,0.0000336,0.9998104,-0.0192809,-0.0001911,0.0027308
43,1.3030304,0.0303030,0.1224894,0.0009785,0.0000810,0.9998408,-0.0173900,-0.0003998,0.0039864
44,1.3333334,0.0303030,0.1235097,0.0012549,0.0001437,0.9998681,-0.0154192,-0.0006601,0.0050723
45,1.3636364,0.0303030,0.1242941,0.0014955,0.0002147,0.9998905,-0.0134922,-0.0009451,0.0060031
46,1.3939395,0.0303030,0.1248212,0.0017010,0.0002886,0.9999079,-0.0116893,-0.0012353,0.0067981
47,1.4242425,0.0303030,0.1250781,0.0018747,0.0003608,0.9999204,-0.0100560,-0.0015179,0.0074791
48,1.4545455,0.0303030,0.1250597,0.0020215,0.0004292,0.9999288,-0.0086141,-0.0017856,0.0080672
49,1.4848485,0.0303030,0.1247614,0.0021454,0.0004923,0.9999340,-0.0073689,-0.0020355,0.0085820
50,1.5151515,0.0303030,0.1241847,0.0022472,0.0005486,0.9999376,-0.0061834,-0.0022636,0.0090318
51,1.5454546,0.0303030,0.1233309,0.0023277,0.0005966,0.9999398,-0.0050470,-0.0024665,0.0094235
52,1.5757576,0.0303030,0.1222061,0.0023919,0.0006369,0.9999403,-0.0041092,-0.0026459,0.0097739
53,1.6060606,0.0303030,0.1208164,0.0024424,0.0006701,0.9999394,-0.0033562,-0.0028064,0.0100977
54,1.6363637,0.0303030,0.1191749,0.0024835,0.0006973,0.9999377,-0.0027747,-0.0029533,0.0104084
55,1.6666667,0.0303030,0.1172946,0.0025166,0.0007197,0.9999350,-0.0023522,-0.0030922,0.0107180
56,1.6969697,0.0303030,0.1151901,0.0025451,0.0007388,0.9999318,-0.0020775,-0.0032292,0.0110386
57,1.7272727,0.0303030,0.1128819,0.0025718,0.0007561,0.9999276,-0.0019393,-0.0033706,0.0113812
58,1.7575758,0.0303030,0.1103882,0.0025973,0.0007728,0.9999229,-0.0019262,-0.0035228,0.0117568
59,1.7878789,0.0303030,0.1077319,0.0026256,0.0007904,0.9999170,-0.0020256,-0.0036924,0.0121759
60,1.8181819,0.0303030,0.1049363,0.0026573,0.0008100,0.9999100,-0.0022236,-0.0038863,0.0126491
61,1.8484849,0.0303030,0.1020268,0.0026932,0.0008323,0.9999015,-0.0025035,-0.0041116,0.0131861
62,1.8787880,0.0303030,0.0990301,0.0027353,0.0008590,0.9998912,-0.0028454,-0.0043752,0.0137957
63,1.9090910,0.0303030,0.0959765,0.0027844,0.0008903,0.9998789,-0.0032257,-0.0046838,0.0144857
64,1.9393940,0.0303030,0.0928968,0.0028395,0.0009270,0.9998643,-0.0036159,-0.0050437,0.0152609
65,1.9696970,0.0303030,0.0898222,0.0029019,0.0009697,0.9998472,-0.0039836,-0.0054594,0.0161234
66,2.0000000,0.0303030,0.0867882,0.0029687,0.0010177,0.9998275,-0.0042910,-0.0059333,0.0170701
67,2.0303030,0.0303030,0.0838280,0.0030401,0.0010709,0.9998140,-0.0016856,-0.0064129,0.0181102
68,2.0606060,0.0303030,0.0809790,0.0031184,0.0011099,0.9997914,-0.0001842,-0.0068519,0.0192419
69,2.0909092,0.0303030,0.0782778,0.0032001,0.0011401,0.9997649,-0.0002017,-0.0072808,0.0204241
70,2.1212122,0.0303030,0.0757589,0.0032763,0.0011688,0.9997368,-0.0002200,-0.0077133,0.0216077
71,2.1515152,0.0303030,0.0734573,0.0033441,0.0011948,0.9997084,-0.0002383,-0.0081312,0.0227407
72,2.1818182,0.0303030,0.0714040,0.0033968,0.0012159,0.9996814,-0.0002557,-0.0085121,0.0237602
73,2.2121212,0.0303030,0.0696253,0.0034288,0.0012300,0.9996585,-0.0002712,-0.0088305,0.0245963
74,2.2424242,0.0303030,0.0681406,0.0034358,0.0012353,0.9996419,-0.0002833,-0.0090604,0.0251777
75,2.2727273,0.0303030,0.0669629,0.0034110,0.0012295,0.9996342,-0.0002910,-0.0091780,0.0254407
76,2.3030305,0.0303030,0.0660965,0.0033537,0.0012119,0.9996369,-0.0002935,-0.0091650,0.0253377
77,2.3333335,0.0303030,0.0655325,0.0032599,0.0011813,0.9996507,-0.0002901,-0.0090112,0.0248447
78,2.3636365,0.0303030,0.0652527,0.0031280,0.0011367,0.9996753,-0.0002806,-0.0087092,0.0239464
79,2.3939395,0.0303030,0.0652196,0.0029586,0.0010780,0.9996909,0.0060053,-0.0081219,0.0227145
80,2.4242425,0.0303030,0.0653907,0.0027691,0.0009724,0.9996892,0.0108965,-0.0071982,0.0212375
81,2.4545455,0.0303030,0.0657171,0.0025577,0.0008368,0.9997138,0.0123890,-0.0061215,0.0195267
82,2.4848485,0.0303030,0.0661530,0.0023226,0.0006974,0.9997394,0.0136210,-0.0050289,0.0176163
83,2.5151515,0.0303030,0.0666487,0.0020677,0.0005606,0.9997644,0.0145982,-0.0039767,0.0155638
84,2.5454545,0.0303030,0.0671600,0.0017967,0.0004317,0.9997877,0.0153431,-0.0030084,0.0134192
85,2.5757577,0.0303030,0.0676461,0.0015134,0.0003156,0.9998084,0.0158896,-0.0021544,0.0112220
86,2.6060607,0.0303030,0.0680726,0.0012225,0.0002151,0.9998260,0.0162785,-0.0014336,0.0090006
87,2.6363637,0.0303030,0.0684097,0.0009247,0.0001326,0.9998398,0.0165511,-0.0008563,0.0067726
88,2.6666667,0.0303030,0.0686341,0.0006227,0.0000690,0.9998494,0.0167444,-0.0004269,0.0045456
89,2.6969697,0.0303030,0.0687322,0.0003184,0.0000256,0.9998547,0.0168879,-0.0001470,0.0023203
90,2.7272727,0.0303030,0.0686964,0.0000129,0.0000027,0.9998555,0.0170002,-0.0000175,0.0000920
91,2.7575758,0.0303030,0.0685272,-0.0002946,0.0000004,0.9998518,0.0170837,-0.0000399,-0.0021456
92,2.7878790,0.0303030,0.0682338,-0.0005977,0.0000192,0.9998462,0.0169847,-0.0002150,-0.0043788
93,2.8181820,0.0303030,0.0678337,-0.0008965,0.0000584,0.9998378,0.0167539,-0.0005405,-0.0065994
94,2.8484850,0.0303030,0.0673505,-0.0011872,0.0001168,0.9998260,0.0164194,-0.0010117,-0.0088010
95,2.8787880,0.0303030,0.0668169,-0.0014685,0.0001931,0.9998121,0.0159034,-0.0016188,-0.0109628
96,2.9090910,0.0303030,0.0662745,-0.0017349,0.0002845,0.9997977,0.0151251,-0.0023423,-0.0130483
97,2.9393940,0.0303030,0.0657696,-0.0019802,0.0003868,0.9997845,0.0140011,-0.0031485,-0.0150032
98,2.9696970,0.0303030,0.0652909,-0.0021572,0.0004842,0.9998027,0.0103970,-0.0038773,-0.0164745
99,3.0000000,0.0303030,0.0648320,-0.0022953,0.0005650,0.9998009,0.0081493,-0.0044979,-0.0176536
100,3.0303030,0.0303030,0.0644095,-0.0024095,0.0006343,0.9997900,0.0068019,-0.0050485,-0.0186590
101,3.0606062,0.0303030,0.0640391,-0.0024987,0.0006938,0.9997809,0.0053633,-0.0055184,-0.0194671
102,3.0909092,0.0303030,0.0637307,-0.0025618,0.0007407,0.9997741,0.0038446,-0.0058827,-0.0200596
103,3.1212122,0.0303030,0.0634918,-0.0025970,0.0007720,0.9997702,0.0022649,-0.0061210,-0.0204218
104,3.1515152,0.0303030,0.0633272,-0.0026047,0.0007865,0.9997694,0.0006515,-0.0062194,-0.0205444
105,3.1818182,0.0303030,0.0632010,-0.0025738,0.0007802,0.9997729,-0.0014391,-0.0061393,-0.0203583
106,3.2121212,0.0303030,0.0630914,-0.0025190,0.0007548,0.9997790,-0.0028859,-0.0059194,-0.0199670
107,3.2424242,0.0303030,0.0631143,-0.0024760,0.0007265,0.9997879,-0.0026113,-0.0057007,-0.0196152
108,3.2727275,0.0303030,0.0633365,-0.0023889,0.0006887,0.9997950,-0.0050042,-0.0053400,-0.0188780
109,3.3030305,0.0303030,0.0637490,-0.0022401,0.0006230,0.9997976,-0.0085215,-0.0047333,-0.0176003
110,3.3333335,0.0303030,0.0643260,-0.0020289,0.0005288,0.9997954,-0.0119903,-0.0039189,-0.0158121
111,3.3636365,0.0303030,0.0650265,-0.0017593,0.0004156,0.9997877,-0.0152141,-0.0029886,-0.0135728
112,3.3939395,0.0303030,0.0658030,-0.0014386,0.0002961,0.9997754,-0.0180214,-0.0020515,-0.0109670
113,3.4242425,0.0303030,0.0666003,-0.0010750,0.0001838,0.9997607,-0.0202866,-0.0012147,-0.0080935
114,3.4545455,0.0303030,0.0673672,-0.0006786,0.0000913,0.9997464,-0.0219425,-0.0005669,-0.0050524
115,3.4848485,0.0303030,0.0680537,-0.0002631,0.0000291,0.9997340,-0.0229819,-0.0001689,-0.0019354
116,3.5151515,0.0303030,0.0686232,0.0001624,0.0000033,0.9997243,-0.0234501,-0.0000526,0.0011818
117,3.5454547,0.0303030,0.0690482,0.0005860,0.0000173,0.9997166,-0.0234230,-0.0002242,0.0042420
118,3.5757577,0.0303030,0.0693123,0.0010012,0.0000701,0.9997095,-0.0229904,-0.0006712,0.0072052
119,3.6060607,0.0303030,0.0694140,0.0013991,0.0001589,0.9997014,-0.0222340,-0.0013687,0.0100457
120,3.6363637,0.0303030,0.0693634,0.0017754,0.0002795,0.9996909,-0.0212191,-0.0022843,0.0127459
121,3.6666667,0.0303030,0.0691831,0.0021256,0.0004254,0.9996776,-0.0199851,-0.0033799,0.0152913
122,3.6969697,0.0303030,0.0689039,0.0024472,0.0005906,0.9996613,-0.0185496,-0.0046115,0.0176651
123,3.7272727,0.0303030,0.0685667,0.0027363,0.0007671,0.9996426,-0.0169047,-0.0059274,0.0198435
124,3.7575760,0.0303030,0.0682166,0.0029906,0.0009473,0.9996232,-0.0150262,-0.0072655,0.0217934
125,3.7878790,0.0303030,0.0679032,0.0032063,0.0011217,0.9996670,-0.0064465,-0.0084024,0.0235328
126,3.8181820,0.0303030,0.0676723,0.0033978,0.0012369,0.9996438,-0.0002324,-0.0091351,0.0250749
127,3.8484850,0.0303030,0.0675678,0.0035592,0.0012968,0.9996079,-0.0002431,-0.0095914,0.0263053
128,3.8787880,0.0303030,0.0676220,0.0036716,0.0013390,0.9995834,-0.0002495,-0.0098962,0.0271134
129,3.9090910,0.0303030,0.0678606,0.0037305,0.0013622,0.9995729,-0.0002507,-0.0100298,0.0274474
130,3.9393940,0.0303030,0.0683033,0.0037281,0.0013630,0.9995788,-0.0002464,-0.0099724,0.0272541
131,3.9696970,0.0303030,0.0689421,0.0036757,0.0013457,0.9995980,-0.0002377,-0.0097542,0.0266227
132,4.0000000,0.0303030,0.0697524,0.0035779,0.0013117,0.9996276,-0.0002252,-0.0093977,0.0256172
133,4.0303030,0.0303030,0.0706735,0.0034670,0.0012721,0.9996592,-0.0002117,-0.0089974,0.0245038
134,4.0606060,0.0303030,0.0715177,0.0034951,0.0012817,0.9996619,-0.0002071,-0.0089576,0.0244111
135,4.0909090,0.0303030,0.0722993,0.0035346,0.0012953,0.9996617,-0.0002037,-0.0089543,0.0244163
136,4.1212120,0.0303030,0.0730313,0.0035869,0.0013139,0.9996586,-0.0002015,-0.0089914,0.0245295
137,4.1515155,0.0303030,0.0737321,0.0036522,0.0013375,0.9996528,-0.0002001,-0.0090650,0.0247399
138,4.1818185,0.0303030,0.0744260,0.0037307,0.0013657,0.9996445,-0.0001995,-0.0091708,0.0250345
139,4.2121215,0.0303030,0.0751441,0.0038229,0.0013995,0.9996338,-0.0001995,-0.0093067,0.0254072
140,4.2424245,0.0303030,0.0759302,0.0039280,0.0014382,0.9996214,-0.0001997,-0.0094652,0.0258359
141,4.2727275,0.0303030,0.0768406,0.0040435,0.0014809,0.9996083,-0.0001997,-0.0096308,0.0262775
142,4.3030305,0.0303030,0.0779434,0.0041613,0.0015252,0.9995967,-0.0001989,-0.0097781,0.0266612
143,4.3333335,0.0303030,0.0793216,0.0042704,0.0015668,0.9995899,-0.0001963,-0.0098697,0.0268839
144,4.3636365,0.0303030,0.0810670,0.0043545,0.0015998,0.9995915,-0.0001910,-0.0098609,0.0268240
145,4.3939395,0.0303030,0.0832734,0.0043942,0.0016172,0.9996057,-0.0001821,-0.0097035,0.0263509
146,4.4242425,0.0303030,0.0860261,0.0043577,0.0016071,0.9996364,-0.0001688,-0.0093359,0.0252994
147,4.4545455,0.0303030,0.0893752,0.0041914,0.0015501,0.9996880,-0.0001500,-0.0086663,0.0234245
148,4.4848485,0.0303030,0.0927288,0.0039531,0.0014625,0.9997422,-0.0001307,-0.0078823,0.0212972
149,4.5151515,0.0303030,0.0958900,0.0037048,0.0013704,0.9997882,-0.0001136,-0.0071426,0.0193047
150,4.5454545,0.0303030,0.0988050,0.0034813,0.0012868,0.9998237,-0.0000998,-0.0065109,0.0176076
151,4.5757575,0.0303030,0.1014332,0.0032823,0.0012123,0.9998513,-0.0000886,-0.0059756,0.0161731
152,4.6060610,0.0303030,0.1037369,0.0031073,0.0011467,0.9998709,0.0018870,-0.0054960,0.0149809
153,4.6363640,0.0303030,0.1056885,0.0029584,0.0010771,0.9998629,0.0072505,-0.0049927,0.0140278
154,4.6666670,0.0303030,0.1072666,0.0028411,0.0009862,0.9998821,0.0062875,-0.0045115,0.0132669
155,4.6969700,0.0303030,0.1084565,0.0027393,0.0009105,0.9998972,0.0053637,-0.0041282,0.0126476
156,4.7272730,0.0303030,0.1092478,0.0026530,0.0008483,0.9999087,0.0044884,-0.0038267,0.0121565
157,4.7575760,0.0303030,0.1096373,0.0025811,0.0007978,0.9999174,0.0036675,-0.0035942,0.0117813
158,4.7878790,0.0303030,0.1096269,0.0025224,0.0007576,0.9999237,0.0029045,-0.0034205,0.0115122
159,4.8181820,0.0303030,0.1092237,0.0024760,0.0007258,0.9999279,0.0021997,-0.0032977,0.0113405
160,4.8484850,0.0303030,0.1084387,0.0024411,0.0007022,0.9999303,0.0015512,-0.0032196,0.0112597
161,4.8787880,0.0303030,0.1072877,0.0024170,0.0006852,0.9999310,0.0009542,-0.0031818,0.0112648
162,4.9090910,0.0303030,0.1057909,0.0024022,0.0006743,0.9999304,0.0004022,-0.0031814,0.0113526
163,4.9393940,0.0303030,0.1039705,0.0023962,0.0006688,0.9999285,-0.0001122,-0.0032167,0.0115215
164,4.9696970,0.0303030,0.1018536,0.0023988,0.0006683,0.9999251,-0.0005959,-0.0032873,0.0117716
165,5.0000000,0.0303030,0.0994693,0.0024094,0.0006729,0.9999205,-0.0010538,-0.0033938,0.0121042
166,5.0303030,0.0303030,0.0968511,0.0024272,0.0006817,0.9999143,-0.0014875,-0.0035376,0.0125218
167,5.0606060,0.0303030,0.0940332,0.0024519,0.0006954,0.9999065,-0.0018934,-0.0037207,0.0130270
168,5.0909090,0.0303030,0.0913740,0.0022817,0.0006559,0.9998726,0.0092860,-0.0034722,0.0125144
169,5.1212125,0.0303030,0.0889410,0.0020200,0.0005400,0.9998137,0.0153139,-0.0028605,0.0113981
170,5.1515155,0.0303030,0.0866498,0.0017618,0.0004130,0.9998282,0.0153149,-0.0022263,0.0102000
171,5.1818185,0.0303030,0.0844336,0.0015145,0.0003055,0.9998528,0.0145178,-0.0016779,0.0089922
172,5.2121215,0.0303030,0.0822437,0.0012865,0.0002196,0.9998809,0.0132413,-0.0012314,0.0078374
173,5.2424245,0.0303030,0.0800474,0.0010829,0.0001542,0.9999077,0.0117447,-0.0008831,0.0067733
174,5.2727275,0.0303030,0.0778251,0.0009043,0.0001055,0.9999307,0.0102177,-0.0006193,0.0058169
175,5.3030305,0.0303030,0.0755674,0.0007507,0.0000705,0.9999490,0.0087872,-0.0004230,0.0049697
176,5.3333335,0.0303030,0.0732758,0.0006189,0.0000454,0.9999627,0.0075294,-0.0002782,0.0042216
177,5.3636365,0.0303030,0.0709558,0.0005045,0.0000275,0.9999727,0.0064832,-0.0001714,0.0035563
178,5.3939395,0.0303030,0.0686197,0.0004052,0.0000150,0.9999796,0.0056638,-0.0000920,0.0029524
179,5.4242425,0.0303030,0.0662947,0.0003315,0.0000067,0.9999881,0.0041760,-0.0000401,0.0025032
